sanitize,feature,type,values
,$page_load_time,float,"[1, 1.263, 1.829, 6.802, 1.918]"
,$page_scroll_percent,float,"[0, 9.02, 14.81, 45.05, 8]"
,$page_spent_time,float,"[10.57, 752.27, 20.49, 10.42, 39.45]"
,$initial_page_load_time,float,"[4.742, 1.263, 1.673, 1.829, 2.856]"
,$initial_page_scroll_percent,float,"[100, 45.05, 0, 65.2, 13.29]"
,$initial_page_spent_time,float,"[18.861, 10.42, 41.02, 25.94, 24.48]"
,$session_spent_time,float,"[8682, 8709, 1, 220, 156]"
,$latest_page_load_time,float,"[nan, 2.385, 1.818, 1.003, 3.778]"
,$hubspot_company_company_temp_score,float,"[nan, '4', '2', '6', '5']"
,$hubspot_company_hs_predictivecontactscore_v2,float,"[nan, '20.8', '1.49', '4.03', '1.32']"
,$hubspot_company_hs_target_account_probability,float,"[nan, '0.38301271200180054', '0.3512279689311981', '0.49911442399024963', '0.38625118136405945']"
,$hubspot_contact_behavior_score_hs_,float,"[nan, '45', '15', '41', '69']"
,$hubspot_contact_demographic_score_hs_,float,"[nan, '2', '10', '5', '30']"
,$hubspot_contact_hs_analytics_revenue,float,"[nan, '0.0']"
,$hubspot_contact_hs_predictivecontactscore_v2,float,"[nan, '20.8', '1.59', '1.49', '4.03']"
,$hubspot_contact_hubspotscore,float,"[nan, '105', '40', '25', '190']"
,$hubspot_contact_recaptcha_score,float,"[nan, '9', '7']"
,$hubspot_contact_sendex_score,float,"[nan, '0.907', '1', '0', '0.98']"
,$hubspot_contact_weighted_score,float,"[nan, '56.0', '28.0', '54.2', '87.8']"
,$hubspot_company_annualrevenue,float,"[nan, '1000000', '10000000', '100000000', '500000000']"
,$hubspot_contact_funding_raised,float,"[nan, '38200000', '399000000', '6400000', '76100000']"
,$hubspot_company_hs_total_deal_value,float,"[nan, '0.0', '0.00', '500.0']"
,$hubspot_company_rollworks_clicks,float,"[nan, '0.0']"
,$hubspot_company_rollworks_conversions,float,"[nan, '0.0', '0']"
,$hubspot_company_rollworks_ctc,float,"[nan, '0.0']"
,$hubspot_company_rollworks_impression_cost,float,"[nan, '0.05', '0.04', '0.12', '0.01']"
,$hubspot_company_rollworks_impressions,float,"[nan, '6.0', '2.0', '12.0', '7.0']"
,$hubspot_company_rollworks_vtc,float,"[nan, '0.0']"
,$hubspot_deal_hs_closed_amount,float,"[nan, '0']"
,$hubspot_deal_hs_closed_amount_in_home_currency,float,"[nan, '0']"
,$hubspot_deal_hs_deal_stage_probability,float,"[nan, '0.59999999999999997779553950749686919152736663818359375']"
,$hubspot_deal_hs_forecast_probability,float,"[nan, '1.0']"
,$hubspot_deal_hubspot_owner_assigneddate,float,"[nan, 1606139254653]"
,$hubspot_contact_mk_customer_fit_score,float,"[nan, '53', '92', '60', '47']"
,$hubspot_contact_course_completion_percentage,float,"[nan, '13', '50']"
,$hubspot_company_createdate,int,"[nan, 1607085353151, 1600254184557, 1605869062491, 1544789470686]"
,$hubspot_company_first_contact_createdate,int,"[nan, 1607085352834, 1600254184153, 1605869062159, 1599909665488]"
,$hubspot_company_first_conversion_date,int,"[nan, 1607085352585, 1600254183447, 1605869061823, 1541461700193]"
,$hubspot_company_hs_analytics_first_timestamp,int,"[nan, 1607085228826, 1600254125862, 1604707980937, 1599909665488]"
,$hubspot_company_hs_analytics_first_visit_timestamp,int,"[nan, 1607085228826, 1600254125862, 1604707980937, 1541461563235]"
,$hubspot_company_hs_analytics_last_timestamp,int,"[nan, 1607086496792, 1600254181099, 1607440066468, 1541461591765]"
,$hubspot_company_hs_analytics_last_visit_timestamp,int,"[nan, 1607085228826, 1600254125862, 1607439618607, 1541461563235]"
,$hubspot_company_hs_analytics_num_page_views,int,"[nan, '6', '3', '50', '0']"
,$hubspot_company_hs_analytics_num_visits,int,"[nan, '1', '13', '0', '12']"
,$hubspot_company_hs_last_booked_meeting_date,int,"[nan, 1607112900000, 1605886200000, 1607365800000, 1601590500000]"
,$hubspot_company_hs_lastmodifieddate,int,"[nan, 1607112937692, 1602985402360, 1607440071833, 1600007342872]"
,$hubspot_company_hs_latest_meeting_activity,int,"[nan, '1607112900000', '1605886200000', '1607365800000', '1601590500000']"
,$hubspot_company_hs_num_blockers,int,"[nan, '0']"
,$hubspot_company_hs_num_child_companies,int,"[nan, '0']"
,$hubspot_company_hs_num_contacts_with_buying_roles,int,"[nan, '0']"
,$hubspot_company_hs_num_decision_makers,int,"[nan, '0']"
,$hubspot_company_ls_change,int,"[nan, '3', '4', '5', '2']"
,$hubspot_company_notes_last_contacted,int,"[nan, '1607112900000', '1605886200000', '1601590500000', '1606928400000']"
,$hubspot_company_notes_last_updated,int,"[nan, 1607112900000, 1605886200000, 1601590500000, 1606928400000]"
,$hubspot_company_notes_next_activity_date,int,"[nan, 0, 1607365800000, 1608307200000, 1608888600000]"
,$hubspot_company_num_associated_contacts,int,"[nan, '1', '2', '6', '7']"
,$hubspot_company_num_contacted_notes,int,"[nan, '1', '0', '36', '3379']"
,$hubspot_company_num_conversion_events,int,"[nan, '4', '1', '2', '3']"
,$hubspot_company_num_notes,int,"[nan, '1', '59', '6095', '2']"
,$hubspot_company_recent_conversion_date,int,"[nan, 1607086565092, 1600254183447, 1607433741070, 1541461700193]"
,$hubspot_contact_call_scheduled_date,int,"[nan, 1607126400000, 1604620800000, 1598832000000, 1607472000000]"
,$hubspot_contact_createdate,int,"[nan, 1607085352834, 1606244368305, 1600254184153, 1605869062159]"
,$hubspot_contact_demo_scheduled_on_fs_,int,"[nan, '1607040000000', '1604016000000', '1598832000000', '1607472000000']"
,$hubspot_contact_first_conversion_date,int,"[nan, 1607085352585, 1600254183447, 1605869061823, 1599109515252]"
,$hubspot_contact_hs_analytics_average_page_views,int,"[nan, '6', '0', '3', '2']"
,$hubspot_contact_hs_analytics_first_timestamp,int,"[nan, 1607085228826, 1606244368305, 1600254125862, 1605868479601]"
,$hubspot_contact_hs_analytics_first_visit_timestamp,int,"[nan, 1607085228826, 1600254125862, 1605868479601, 1599050346491]"
,$hubspot_contact_hs_analytics_last_timestamp,int,"[nan, 1607086496792, 1600254181099, 1606121663661, 1607370044250]"
,$hubspot_contact_hs_analytics_last_visit_timestamp,int,"[nan, 1607085228826, 1600254125862, 1606121249461, 1607368357409]"
,$hubspot_contact_hs_analytics_num_event_completions,int,"[nan, '0', '2', '9', '1']"
,$hubspot_contact_hs_analytics_num_page_views,int,"[nan, '6', '0', '3', '15']"
,$hubspot_contact_hs_analytics_num_visits,int,"[nan, '1', '0', '4', '259']"
,$hubspot_contact_hs_email_delivered,int,"[nan, '1', '3', '8', '14']"
,$hubspot_contact_hs_email_first_send_date,int,"[nan, 1607086512157, 1600254198946, 1605869070084, 1600266735494]"
,$hubspot_contact_hs_email_last_send_date,int,"[nan, 1607086512157, 1600599802469, 1606804217740, 1604676799434]"
,$hubspot_contact_hs_email_sends_since_last_engagement,int,"[nan, '1', '4', '0', '10']"
,$hubspot_contact_hs_latest_meeting_activity,int,"[nan, '1607112900000', '1605886200000', '1607365800000', '1601590500000']"
,$hubspot_contact_hs_lifecyclestage_lead_date,int,"[nan, 1607085353410, 1600254184401, 1605869062293, 1599109516197]"
,$hubspot_contact_hs_lifecyclestage_marketingqualifiedlead_date,int,"[nan, 1607086507875, 1600254190446, 1605869065659, 1568122290188]"
,$hubspot_contact_hs_social_facebook_clicks,int,"[nan, '0']"
,$hubspot_contact_hs_social_google_plus_clicks,int,"[nan, '0']"
,$hubspot_contact_hs_social_linkedin_clicks,int,"[nan, '0', '13', '5', '8']"
,$hubspot_contact_hs_social_num_broadcast_clicks,int,"[nan, '0', '14', '4', '12']"
,$hubspot_contact_hs_social_twitter_clicks,int,"[nan, '0', '14', '10', '19']"
,$hubspot_contact_lastmodifieddate,int,"[nan, 1607112936796, 1606382361473, 1606304013953, 1606905879713]"
,$hubspot_contact_meeting_booked_on,int,"[nan, '1607040000000', '1604016000000', '1597968000000', '1607385600000']"
,$hubspot_contact_notes_last_contacted,int,"[nan, '1607112900000', '1607422671353', '1600672936000', '1606213510054']"
,$hubspot_contact_notes_last_updated,int,"[nan, 1607112900000, 1607422671353, 1600672936000, 1606213510054]"
,$hubspot_contact_notes_next_activity_date,int,"[nan, 0, 1607365800000, 1608307200000, 1608051600000]"
,$hubspot_contact_num_contacted_notes,int,"[nan, '1', '38', '2', '3']"
,$hubspot_contact_num_conversion_events,int,"[nan, '4', '0', '1', '2']"
,$hubspot_contact_num_notes,int,"[nan, '1', '39', '2', '3']"
,$hubspot_contact_num_unique_conversion_events,int,"[nan, '3', '0', '1', '2']"
,$hubspot_contact_recent_conversion_date,int,"[nan, 1607086565092, 1600254183447, 1605869061823, 1604392363819]"
,$hubspot_contact_trial_end_date,int,"[nan, 1608249600000, 1601424000000, 1605225600000, 1607904000000]"
,$merge_timestamp,int,"[nan, 1607357579, 1607620423, 1607625271, 1607625293]"
,$hubspot_contact_hs_count_is_unworked,int,"[nan, '1', '0']"
,$hubspot_contact_hs_count_is_worked,int,"[nan, '0', '1']"
,$hubspot_contact_hs_lifecyclestage_subscriber_date,int,"[nan, 1606244368305, 1601385105124, 1600461385065, 1596450324792]"
,$hubspot_contact_hubspot_owner_assigneddate,int,"[nan, 1606244373764, 1600805446975, 1567472775104, 1589294873574]"
,$hubspot_company_numberofemployees,int,"[nan, '10', '50', '30', '1000']"
,$hubspot_company_rollworks_last_activity,int,"[nan, '1607385600000', '1607558400000', '1607472000000', '1607299200000']"
,$hubspot_company_rollworks_page_views,int,"[nan, '1.0', '5.0', '2.0', '9.0']"
,$hubspot_contact_account_claimed_date,int,"[nan, 1605830400000, 0, 1541548800000, 1604016000000]"
,$hubspot_contact_hs_email_click,int,"[nan, '1', '2', '14', '7']"
,$hubspot_contact_hs_email_first_click_date,int,"[nan, 1606760102181, 1600267522780, 1604669188756, 1576424308451]"
,$hubspot_contact_hs_email_first_open_date,int,"[nan, 1606760102181, 1600267491325, 1604071961029, 1607430631578]"
,$hubspot_contact_hs_email_last_click_date,int,"[nan, 1606760102181, 1602006898409, 1605010969240, 1603268771437]"
,$hubspot_contact_hs_email_last_open_date,int,"[nan, 1606760102181, 1604680603916, 1605799515270, 1607430631578]"
,$hubspot_contact_hs_email_open,int,"[nan, '1', '14', '6', '59']"
,$hubspot_contact_hs_last_sales_activity_date,int,"[nan, 1604392363, 1604398054, 1607430674, 1602523954]"
,$hubspot_contact_hs_last_sales_activity_timestamp,int,"[nan, 1604392363819, 1604398054824, 1607430674128, 1602523954433]"
,$hubspot_contact_activation_date,int,"[nan, 0, 1601942400000, 1604275200000, 1603497600000]"
,$hubspot_contact_closedate,int,"[nan, 1600780345231, 1602259575195, 1600780344391, 1598446949985]"
,$hubspot_contact_days_to_close,int,"[nan, '386', '4', '51', '1']"
,$hubspot_contact_hs_first_engagement_date,int,"[nan, 1567472773814, 1589294873104, 1594197215376, 1602003772000]"
,$hubspot_contact_hs_lifecyclestage_customer_date,int,"[nan, 1600780345231, 1602259575195, 1600780344391, 1598446949985]"
,$hubspot_contact_hs_sa_first_engagement_date,int,"[nan, 1567472775564, 1589294873931, 1602003774833, 1588318511534]"
,$hubspot_contact_hs_sales_email_last_replied,int,"[nan, '1600888795000', '1606417294000', '1591225205000', '1605805658000']"
,$hubspot_contact_hs_time_to_first_engagement,int,"[nan, '460', '357', '1823', '4206027446']"
,$hubspot_company_hs_num_open_deals,int,"[nan, '0', '1', '2']"
,$hubspot_company_closedate,int,"[nan, 1602259577357, 1604306680073, 1565676933703, 1580964543631]"
,$hubspot_company_days_to_close,int,"[nan, '3', '516', '241', '418']"
,$hubspot_contact_hs_sales_email_last_opened,int,"[nan, '1597931475420', '1595340316455', '1600792463148', '1605822997690']"
,$hubspot_contact_hs_social_last_engagement,int,"[nan, '1605623284662', '1588321959037', '1603440781563', '1592506378397']"
,$hubspot_company_first_demo_booked_on,int,"[nan, '1604880000000', '1606089600000', '1605744000000', '1604275200000']"
,$hubspot_contact_demo_booked_on,int,"[nan, '1604880000000', '1606089600000', '1605744000000', '1586131200000']"
,$hubspot_contact_hs_lifecyclestage_opportunity_date,int,"[nan, 1605049353407, 1606670718866, 1584535095486, 1605937154178]"
,$hubspot_contact_hs_lifecyclestage_salesqualifiedlead_date,int,"[nan, 1604950664405, 1607434185091, 1606146231918, 1605776372050]"
,$hubspot_company_hubspot_owner_assigneddate,int,"[nan, 1598333621255, 1601416887922, 1537778237950, 1605298655625]"
,$hubspot_contact_salesloft_last_contacted_at,int,"[nan, '1598313600000', '1598832000000', '1603929600000', '1601856000000']"
,$hubspot_contact_clearbit_reveal_total_employees,int,"[nan, '5', '150', '30', '10']"
,$hubspot_contact_hs_email_bounce,int,"[nan, '1']"
,$hubspot_contact_last_enriched_on,int,"[nan, '1598227200000']"
,$hubspot_contact_utm_content_cbwebsite,int,"[nan, '2', '72163340', '100377174']"
,$hubspot_contact_hs_lifecyclestage_other_date,int,"[nan, 0, 1559835793355, 1601416814350, 1558005937795]"
,$hubspot_contact_demo_give_on,int,"[nan, '1606953600000', '1602720000000', '1607040000000', '1604275200000']"
,$hubspot_company_hs_last_sales_activity_date,int,"[nan, 1606746380, 1607370282, 1606923856, 1607434825]"
,$hubspot_company_hs_last_sales_activity_timestamp,int,"[nan, 1606746380316, 1607370282324, 1606923856467, 1607434825648]"
,$hubspot_company_hs_sales_email_last_replied,int,"[nan, '1606254178000', '1607343982000', '1607363518000', '1607438505000']"
,$hubspot_contact_lead_created_date_fs_,int,"[nan, 1515110400000, 1521590400000, 1532649600000, 1536796800000]"
,$hubspot_company_first_contact_createdate_timestamp_earliest_value_78b50eea,int,"[nan, 1537877290586, 1552400241558, 1553116231500, 1537878726427]"
,$hubspot_company_first_conversion_date_timestamp_earliest_value_61f58f2c,int,"[nan, 1537969858624, 1552400241304, 1553116231461, 1544610483609]"
,$hubspot_company_first_conversion_event_name_timestamp_earliest_value_68ddae0a,int,"[nan, 1537969858624, 1552400241304, 1553116231461, 1544610483609]"
,$hubspot_company_recent_conversion_date_timestamp_latest_value_72856da1,int,"[nan, 1554126852931, 1552400241304, 1553116231461, 1551544784449]"
,$hubspot_company_recent_conversion_event_name_timestamp_latest_value_66c820bf,int,"[nan, 1554126852931, 1552400241304, 1553116231461, 1551544784449]"
,$hubspot_company_allbound_id,int,"[nan, '141']"
,$hubspot_company_engagements_last_meeting_booked,int,"[nan, '1606139100000']"
,$hubspot_company_first_deal_created_date,int,"[nan, 1606139250392, 1548952587641, 1537800143518]"
,$hubspot_company_num_associated_deals,int,"[nan, '1', '2']"
,$hubspot_contact_engagements_last_meeting_booked,int,"[nan, '1606139100000']"
,$hubspot_contact_first_deal_created_date,int,"[nan, 1606139250392]"
,$hubspot_contact_num_associated_deals,int,"[nan, '1']"
,$hubspot_deal_closedate,int,"[nan, 1606744050392]"
,$hubspot_deal_createdate,int,"[nan, 1606139250392]"
,$hubspot_deal_days_to_close,int,"[nan, '7']"
,$hubspot_deal_hs_createdate,int,"[nan, 1606139254653]"
,$hubspot_deal_hs_lastmodifieddate,int,"[nan, 1606154703456]"
,$hubspot_deal_hs_sales_email_last_replied,int,"[nan, '1606255266000']"
,$hubspot_deal_notes_last_contacted,int,"[nan, '1606154687000']"
,$hubspot_deal_notes_last_updated,int,"[nan, 1606154687000]"
,$hubspot_deal_num_associated_contacts,int,"[nan, '1']"
,$hubspot_deal_num_contacted_notes,int,"[nan, '1']"
,$hubspot_deal_num_notes,int,"[nan, '2']"
,$hubspot_contact_hs_sales_email_last_clicked,int,"[nan, '1600793974838']"
,$hubspot_contact_chargebee_merchant_signup_date,int,"[nan, 1532649600000]"
,$hour_of_day,int,"[8, 7, 10, 6, 9]"
,$hour_of_first_event,int,"[13, 6, 9, 4, 15]"
,$joinTime,int,"[1589807859, 1607668379, 1606814723, 1607400380, 1607268513]"
,$page_count,int,"[78, 85, 1, 8, 7]"
,$session_count,int,"[43, 50, 1, 5, 7]"
T/F,$is_page_view,str,"[True, nan]"
,$latest_content,str,"[nan, 100378382, 91896638, 98660618, 72163340]"
,$initial_content,str,"[nan, 101354257, 102408470, 89629037, 98266675]"
,$hubspot_company_hs_object_id,str,"[nan, '4954770879', '4481205894', '4874489678', '1111111034']"
,$hubspot_contact_adwords_campaign_id_fs_,str,"[nan, '10820569138', '1504037164', '10820569129', '1564802616']"
,$hubspot_contact_associatedcompanyid,str,"[nan, '4954770879', '953209596', '4481205894', '4874489678']"
,$hubspot_contact_hs_calculated_phone_number,str,"[nan, '+19013619173', '+18779001818', '+61437889994', '+923215569823']"
,$hubspot_contact_hs_object_id,str,"[nan, '202237001', '199552851', '179619051', '198494901']"
,$hubspot_contact_hs_searchable_calculated_phone_number,str,"[nan, '9013619173', '8779001818', '437889994', '3215569823']"
,$hubspot_contact_phone,str,"[nan, '+19013619173', '(877) 900-1818', '+61437889994', '+923215569823']"
,$hubspot_contact_allbound_id,str,"[nan, '288', '150', '226', '281']"
,$hubspot_contact_hs_all_accessible_team_ids,str,"[nan, '165880', '189120', '396621', '197004']"
,$hubspot_contact_hs_all_owner_ids,str,"[nan, '33667849', '38011227', '38504463', '49562349']"
,$hubspot_contact_hs_all_team_ids,str,"[nan, '165880', '189120', '396621', '197004']"
,$hubspot_contact_hs_user_ids_of_all_owners,str,"[nan, '6276619', '8438526', '8602859', '11436656']"
,$hubspot_contact_hubspot_owner_id,str,"[nan, '33667849', '38011227', '38504463', '49562349']"
,$hubspot_contact_hubspot_team_id,str,"[nan, '165880', '189120', '396621', '197004']"
,$hubspot_contact_zoominfo_company_id,str,"[nan, '354622732', '451150698', '457993310', '411555704']"
,$hubspot_company_founded_year,str,"[nan, '2015', '2016', '2005', '2017']"
,$hubspot_company_zip,str,"[nan, '3219', '32174', '22363', '12435']"
,$hubspot_contact_sic_code,str,"[nan, '73', '48', '87', '23']"
,$hubspot_contact_hs_first_engagement_object_id,str,"[nan, '3219488486', '7099561922', '9038991700', '6987591192']"
,$hubspot_contact_mobilephone,str,"[nan, '9.20E+11', '1-704-408-3718', '+919717884930', '+19025796040']"
,$hubspot_company_hs_updated_by_user_id,str,"[nan, 5173090, 6276619, 7076202, 8280494]"
,$hubspot_company_hs_all_owner_ids,str,"[nan, '49562349', '50493855', '33667849', '40932629']"
,$hubspot_company_hs_user_ids_of_all_owners,str,"[nan, '11436656', '11767584', '6276619', '9458825']"
,$hubspot_company_hubspot_owner_id,str,"[nan, '49562349', '50493855', '33667849', '40932629']"
,$hubspot_contact_hs_calculated_mobile_number,str,"[nan, '+17044083718', '+919717884930', '+19025796040', '+16198780805']"
,$hubspot_contact_hs_searchable_calculated_mobile_number,str,"[nan, '7044083718', '9717884930', '9025796040', '6198780805']"
,$hubspot_contact_zoominfo_contact_id,str,"[nan, '84887260', '2562262660', '2454440208', '1548297413']"
,$hubspot_company_hs_all_accessible_team_ids,str,"[nan, '396621', '165880']"
,$hubspot_company_hs_all_team_ids,str,"[nan, '396621', '165880']"
,$hubspot_company_hubspot_team_id,str,"[nan, '396621', '165880']"
,$hubspot_company_zoominfo_company_id,str,"[nan, '351242730', '348197204', '467418362', '452768969']"
,$hubspot_deal_dealstage,str,"[nan, '1817100']"
,$hubspot_deal_hs_all_accessible_team_ids,str,"[nan, '396621']"
,$hubspot_deal_hs_all_owner_ids,str,"[nan, '37571175']"
,$hubspot_deal_hs_all_team_ids,str,"[nan, '396621']"
,$hubspot_deal_hs_created_by_user_id,str,"[nan, '8280494']"
,$hubspot_deal_hs_object_id,str,"[nan, '3488261812']"
,$hubspot_deal_hs_updated_by_user_id,str,"[nan, 8280494]"
,$hubspot_deal_hs_user_ids_of_all_owners,str,"[nan, '8280494']"
,$hubspot_deal_hubspot_owner_id,str,"[nan, '37571175']"
,$hubspot_deal_hubspot_team_id,str,"[nan, '396621']"
,$hubspot_deal_pipeline,str,"[nan, '1817097']"
,uid,str,"['00316338-e9af-4c23-a7d1-ad8ead0ffb82', '003659eb-ef1d-45bf-b15b-e9ae0820543c', '00661fe9-e041-4cd4-8bdf-c7825c23e874', '0082d5f7-d55d-4fc8-9b41-14ecd9ba29fa', '00894d16-b568-46d6-902f-50390c0b9164']"
,en,str,"['www.chargebee.com/pricing', 'www.chargebee.com/customers', 'www.chargebee.com/for-self-service-subscription-business', '$form_submitted', 'www.chargebee.com/schedule-a-demo/']"
,$day_of_week,str,"['Tuesday', 'Thursday', 'Friday', 'Sunday', 'Wednesday']"
,$ip,str,"['59.93.234.153', '117.196.159.65', '54.165.51.127', '73.241.160.99', '216.126.45.3']"
,$page_domain,str,['www.chargebee.com']
,$page_raw_url,str,"['https://www.chargebee.com/pricing/?ref=navbar', 'https://www.chargebee.com/customers', 'https://www.chargebee.com/pricing', 'https://www.chargebee.com/customers/?ref=navbar', 'https://www.chargebee.com/for-self-service-subscription-business/?keyword=self-service%20portal&matchtype=p&device=m&campaignid=2035332365&adgroupid=71484206145&adposition=&network=g&utm_source=google&utm_medium=adwords&utm_campaign=Self-serve_NA_New&utm_term=Portal_Phrase&hsa_ad=355638599242&hsa_src=g&hsa_mt=p&hsa_net=adwords&hsa_kw=self-service%20portal&hsa_tgt=kwd-355070551341&hsa_ver=3&hsa_acc=1475899910&hsa_grp=71484206145&hsa_cam=2035332365&gclid=Cj0KCQiA8dH-BRD_ARIsAC24umZY_Mx2TqQmJYmjjWxsElv8rb2nOC7o16LLH-T3Vb9S26ZZx4fNdIcaApg3EALw_wcB']"
,$page_title,str,"['Plans and Pricing - Chargebee', 'Customers & Testimonials - Chargebee', 'Recurring Billing for your Self-serve Subscription Model | Chargebee', 'Subscription Billing Platform - Chargebee', ""Get a Free Demo of Chargebee's Recurring Billing Automation""]"
,$page_url,str,"['www.chargebee.com/pricing', 'www.chargebee.com/customers', 'www.chargebee.com/for-self-service-subscription-business', 'www.chargebee.com/subscription-billing-platform', 'www.chargebee.com/schedule-a-demo']"
,$qp_ref,str,"['navbar', nan, 'bhdocs', 'cb_aws_activate', 'navbar/']"
,$referrer,str,"['https://www.chargebee.com/for-europe/?ref=navbar', 'https://www.chargebee.com', '', 'https://www.chargebee.com/stripe-recurring-payments-chargebee/?keyword=stripe%20payment%20method&matchtype=p&device=c&campaignid=1419039973&adgroupid=56572733435&adposition=&network=g&utm_source=google&utm_medium=adwords&utm_campaign=Stripe_NA_New&utm_term=Payments_Phrase&hsa_ad=420950630835&hsa_src=g&hsa_mt=p&hsa_net=adwords&hsa_kw=stripe%20payment%20method&hsa_tgt=aud-303988652852%3Akwd-317821491019&hsa_ver=3&hsa_acc=1475899910&hsa_grp=56572733435&hsa_cam=1419039973&gclid=Cj0KCQiA5bz-BRD-ARIsABjT4njFC6yGx_sF8zkfhCz3NXjiv2AmlXWEWIweQIDGIP-ZKeqLp876tDMaAvP4EALw_wcB', 'https://www.chargebee.com/compare-competitors/stripe-billing']"
,$referrer_domain,str,"['www.chargebee.com', '', 'www.google.com', 'www.google.ie', 'app.chargebee.com']"
,$referrer_url,str,"['www.chargebee.com/for-europe', 'www.chargebee.com', '', 'www.chargebee.com/stripe-recurring-payments-chargebee', 'www.chargebee.com/compare-competitors/stripe-billing']"
,$campaign,str,"[nan, 'Self-serve_NA_New', 'Recurring_NA_Exact', 'Branded_EU_New', 'Pricing_EU_New']"
,$gclid,str,"[nan, 'Cj0KCQiA8dH-BRD_ARIsAC24umZY_Mx2TqQmJYmjjWxsElv8rb2nOC7o16LLH-T3Vb9S26ZZx4fNdIcaApg3EALw_wcB', 'CjwKCAiAiML-BRAAEiwAuWVggnDphjOLRuZbbo-3mQYclKjqUDwr1sTVet5Bka0mDR6bBx-1fsIWYhoC7-0QAvD_BwE', 'EAIaIQobChMI_buh18vB7QIVx_rICh1JIAlMEAAYASAAEgIZrvD_BwE', 'EAIaIQobChMIxOTL7ey_7QIVReqyCh2Fbwh_EAAYASABEgK4YvD_BwE']"
,$medium,str,"[nan, 'adwords', 'capterra', 'hubspot']"
,$qp_adgroupid,str,"[nan, 71484206145, 106215826763, 71484206105, 60767455113]"
,$qp_campaignid,str,"[nan, 2035332365, 10820569153, 1564802616, 2031491237]"
,$qp_device,str,"[nan, 'm', 'c', 't']"
,$qp_hsa_acc,str,"[nan, 1475899910]"
,$qp_hsa_ad,str,"[nan, 355638599242, 456156772249, 355638599233, 378178667895]"
,$qp_hsa_cam,str,"[nan, 2035332365, 10820569153, 1564802616, 2031491237]"
,$qp_hsa_grp,str,"[nan, 71484206145, 106215826763, 71484206105, 60767455113]"
,$qp_hsa_kw,str,"[nan, 'self-service portal', 'recurring billing software', 'chargebee', 'freemium']"
,$qp_hsa_mt,str,"[nan, 'p', 'e', 'b']"
,$qp_hsa_net,str,"[nan, 'adwords']"
,$qp_hsa_src,str,"[nan, 'g', 's']"
,$qp_hsa_tgt,str,"[nan, 'kwd-355070551341', 'kwd-112694572', 'kwd-301655354380', 'kwd-296601096889']"
,$qp_hsa_ver,str,"[nan, 3]"
,$qp_keyword,str,"[nan, 'self-service portal', 'recurring billing software', 'chargebee', 'freemium']"
,$qp_matchtype,str,"[nan, 'p', 'e', 'b']"
,$qp_network,str,"[nan, 'g', 's']"
,$source,str,"[nan, 'google', 'capterra-display', 'outreach-email?utm_medium=web-intent-finance', 'saaswebsites.com']"
,$term,str,"[nan, 'Portal_Phrase', 'Billing_Software', 'Portal_Exact', 'CoreBrand_Exact']"
,$company,str,"[nan, 'AE Studio', '1444@alunos.ebimaia.net', 'Twenty2', 'jasmin-grosshandel@web.d']"
,$first_name,str,"[nan, 'Melanie', 'richard stewart', 'milton', 'Jessica']"
,$name,str,"[nan, 'Melanie', 'richard stewart', 'milton', 'Jessica']"
,$phone,str,"[nan, '+1 19177413160', '+1  +1 9786218612', '+351 910738901', '910738901']"
,$email,str,"[nan, '1444@alunos.ebimaia.net', '247doctors@livewellmd.net', 'vasco@pleez.pt', 'aquari666@gmail.com']"
,$qp_sbrc,str,"[nan, '1_pwv2qRqMYDTqHb_97biZQ==$F3VFbpXNlFGq6PzJHWxFtA==', '1gy6_ZVNcHRkVV3ZO6AYQug==$bzkM2AJNjvMsbzfkZgFH_w==']"
,$fbclid,str,"[nan, 'IwAR17LS_VqZ13Y8SXhzIKTjOpwSzJxcmcrjVxVN3VVYpxjy_O7UE6ktMYyv8']"
,$qp_d_conversation,str,"[nan, 2838735300]"
,$qp_adposition,str,"[nan, '1t1']"
,$browser,str,"['Chrome', 'Safari', 'Firefox', 'Android', 'Opera']"
,$browser_version,str,"['86.0.4240.198', '11.0', '87.0.4280.66', '87.0.4280.88', '12.0.1']"
,$browser_with_version,str,"['Chrome-86.0.4240.198', 'Safari-11.0', 'Chrome-87.0.4280.66', 'Chrome-87.0.4280.88', 'Safari-12.0.1']"
,$city,str,"['Visakhapatnam', 'New Delhi', 'Ashburn', 'San Leandro', 'Atlanta']"
,$country,str,"['India', 'United States', 'France', 'Netherlands', 'Mexico']"
,$day_of_first_event,str,"['Monday', 'Friday', 'Tuesday', 'Sunday', 'Wednesday']"
,$device_brand,str,"['AP', '', 'IZ', 'SA', 'ON']"
,$device_model,str,"['', 'iPhone', 'iPad', 'A16 Plus', 'SM-N986U']"
,$device_type,str,"['desktop', 'smartphone', 'tablet', 'tv', 'phablet']"
,$initial_page_domain,str,['www.chargebee.com']
,$initial_page_raw_url,str,"['https://www.chargebee.com', 'https://www.chargebee.com/pricing/?ref=navbar', 'https://www.chargebee.com/recurring-billing-invoicing/?keyword=merchant%20billing&matchtype=e&device=c&campaignid=1425624198&adgroupid=56220240170&adposition=&network=g&utm_source=google&utm_medium=adwords&utm_campaign=Billing_NA_New&utm_term=Merchant_Exact&hsa_ad=374600969015&hsa_src=g&hsa_mt=e&hsa_net=adwords&hsa_kw=merchant%20billing&hsa_tgt=kwd-361367125807&hsa_ver=3&hsa_acc=1475899910&hsa_grp=56220240170&hsa_cam=1425624198&gclid=CjwKCAiA8Jf-BRB-EiwAWDtEGiwIwk3H6VegM7mqQGC2UBLehbiKAczYjp6rRo9S4hbYwYpsZdqIyxoCUdAQAvD_BwE', 'https://www.chargebee.com/customers', 'https://www.chargebee.com/pricing']"
,$initial_page_url,str,"['www.chargebee.com', 'www.chargebee.com/pricing', 'www.chargebee.com/recurring-billing-invoicing', 'www.chargebee.com/customers', 'www.chargebee.com/saas-pricing-models']"
,$initial_referrer,str,"['', 'https://www.google.com', 'https://www.producthunt.com', 'https://blog.chartmogul.com', 'https://www.getapp.com/x/chargebee-application/exit?serp_sort=relevance&serp_num_found=13&serp_num_displayed=13&serp_num_premiums_displayed=5&serp_filtered=1&serp_header_id=49&serp_category_id=574&serp_position=0&url=https%3A%2F%2Fwww.chargebee.com%2F%3Futm_source%3DGetApp%26utm_medium%3DRBSM%26utm_campaign%3DC-RBSM&route=serp_integrated_with&mac=a6d8369c77a3278dde6c1cb48c033a7d671b9ab8498e2ddd5784034e4ab36565']"
,$initial_referrer_domain,str,"['', 'www.google.com', 'www.producthunt.com', 'blog.chartmogul.com', 'www.getapp.com']"
,$initial_referrer_url,str,"['', 'www.google.com', 'www.producthunt.com', 'blog.chartmogul.com', 'www.getapp.com/x/chargebee-application/exit']"
,$os,str,"['Mac OS X', 'iPhone OS', 'Windows', 'OS', 'Linux']"
,$os_version,str,"['10.15.7', '11.0', '10', '10.14.1', '10.14.6']"
,$os_with_version,str,"['Mac OS X-10.15.7', 'iPhone OS-11.0', 'Windows-10', 'Mac OS X-10.14.1', 'Mac OS X-10.14.6']"
,$platform,str,['web']
,$user_agent,str,"['Mozilla/5.0 (Macintosh; Intel Mac OS X 10_15_7) AppleWebKit/537.36 (KHTML, like Gecko) Chrome/86.0.4240.198 Safari/537.36', 'Mozilla/5.0 (iPhone; CPU iPhone OS 11_0 like Mac OS X) AppleWebKit/604.1.38 (KHTML, like Gecko) Version/11.0 Mobile/15A372 Safari/604.1', 'Mozilla/5.0 (Windows NT 10.0; Win64; x64) AppleWebKit/537.36 (KHTML, like Gecko) Chrome/87.0.4280.66 Safari/537.36', 'Mozilla/5.0 (Windows NT 10.0; Win64; x64) AppleWebKit/537.36 (KHTML, like Gecko) Chrome/87.0.4280.88 Safari/537.36', 'Mozilla/5.0 (Macintosh; Intel Mac OS X 10_14_1) AppleWebKit/605.1.15 (KHTML, like Gecko) Version/12.0.1 Safari/605.1.15']"
,$device_name,str,"[nan, 'iPhone', 'iPad', 'Samsung']"
,$initial_page_event_id,str,"[nan, '28ebf209-dd3d-408d-8105-c48fca37d671', 'fe32d105-27d1-41ca-a964-989e2a758d97', '74bedd1d-b93d-4dfc-899d-6c47d5c0980e', '46b7bbec-8aea-4b53-b09c-f7e4104013b2']"
,$initial_campaign,str,"[nan, 'Billing_NA_New', 'Subscription_EU_Exact', 'subscription', 'Self-serve_NA_New']"
,$initial_gclid,str,"[nan, 'CjwKCAiA8Jf-BRB-EiwAWDtEGiwIwk3H6VegM7mqQGC2UBLehbiKAczYjp6rRo9S4hbYwYpsZdqIyxoCUdAQAvD_BwE', 'CjwKCAiAwrf-BRA9EiwAUWwKXlf30XkZLwpQwaOqbxsmlKQQz73L40fvIZt95w3rJji9HVK2t9QxlhoCIzUQAvD_BwE', 'Cj0KCQiA8dH-BRD_ARIsAC24umZY_Mx2TqQmJYmjjWxsElv8rb2nOC7o16LLH-T3Vb9S26ZZx4fNdIcaApg3EALw_wcB', 'CjwKCAiAiML-BRAAEiwAuWVggsNPZ-3yiAidK5IQ9pBOToUZQ-uFunrN97XJpctRKnCzlu1IEILH8RoC_goQAvD_BwE']"
,$initial_medium,str,"[nan, 'adwords', 'capterra', 'paid', 'CTA']"
,$initial_source,str,"[nan, 'google', 'capterra-display', 'facebook', 'g2crowd']"
,$latest_campaign,str,"[nan, 'Stripe_NA_New', 'Stripe_Billing_NA_New', 'Subscription_EU_Exact', 'subscription']"
,$latest_gclid,str,"[nan, 'Cj0KCQiA5bz-BRD-ARIsABjT4njFC6yGx_sF8zkfhCz3NXjiv2AmlXWEWIweQIDGIP-ZKeqLp876tDMaAvP4EALw_wcB', 'Cj0KCQiA5bz-BRD-ARIsABjT4nh-bXGlwDSUNFt0HHSNb4zTpnM6-fN7F0L001FLBDdZkLl0BWdKpVYaAr6FEALw_wcB', 'CjwKCAiAwrf-BRA9EiwAUWwKXlf30XkZLwpQwaOqbxsmlKQQz73L40fvIZt95w3rJji9HVK2t9QxlhoCIzUQAvD_BwE', 'Cj0KCQiA8dH-BRD_ARIsAC24umZY_Mx2TqQmJYmjjWxsElv8rb2nOC7o16LLH-T3Vb9S26ZZx4fNdIcaApg3EALw_wcB']"
,$latest_medium,str,"[nan, 'adwords', 'capterra', 'email', 'paid']"
,$latest_page_domain,str,"[nan, 'www.chargebee.com']"
,$latest_page_raw_url,str,"[nan, 'https://www.chargebee.com/stripe-recurring-payments-chargebee/?keyword=stripe%20payment%20method&matchtype=p&device=c&campaignid=1419039973&adgroupid=56572733435&adposition=&network=g&utm_source=google&utm_medium=adwords&utm_campaign=Stripe_NA_New&utm_term=Payments_Phrase&hsa_ad=420950630835&hsa_src=g&hsa_mt=p&hsa_net=adwords&hsa_kw=stripe%20payment%20method&hsa_tgt=aud-303988652852%3Akwd-317821491019&hsa_ver=3&hsa_acc=1475899910&hsa_grp=56572733435&hsa_cam=1419039973&gclid=Cj0KCQiA5bz-BRD-ARIsABjT4njFC6yGx_sF8zkfhCz3NXjiv2AmlXWEWIweQIDGIP-ZKeqLp876tDMaAvP4EALw_wcB', 'https://www.chargebee.com/compare-competitors/stripe-billing/?keyword=stripe%20recurring%20billing&matchtype=p&device=c&campaignid=1931710043&adgroupid=66025184850&adposition=&network=g&utm_source=google&utm_medium=adwords&utm_campaign=Stripe_Billing_NA_New&utm_term=CoreBrand_Phrase&hsa_ad=354512374785&hsa_src=g&hsa_mt=p&hsa_net=adwords&hsa_kw=stripe%20recurring%20billing&hsa_tgt=aud-303988652852:kwd-57167492627&hsa_ver=3&hsa_acc=1475899910&hsa_grp=66025184850&hsa_cam=1931710043&gclid=Cj0KCQiA5bz-BRD-ARIsABjT4nh-bXGlwDSUNFt0HHSNb4zTpnM6-fN7F0L001FLBDdZkLl0BWdKpVYaAr6FEALw_wcB', 'https://www.chargebee.com/compare-competitors/stripe-billing/?keyword=stripe%20recurring%20billing&matchtype=p&device=c&campaignid=1931710043&adgroupid=66025184850&adposition=&network=g&utm_source=google&utm_medium=adwords&utm_campaign=Stripe_Billing_NA_New&utm_term=CoreBrand_Phrase&hsa_ad=354512374785&hsa_src=g&hsa_mt=p&hsa_net=adwords&hsa_kw=stripe%20recurring%20billing&hsa_tgt=aud-303988652852%3Akwd-57167492627&hsa_ver=3&hsa_acc=1475899910&hsa_grp=66025184850&hsa_cam=1931710043&gclid=Cj0KCQiA5bz-BRD-ARIsABjT4nh-bXGlwDSUNFt0HHSNb4zTpnM6-fN7F0L001FLBDdZkLl0BWdKpVYaAr6FEALw_wcB', 'https://www.chargebee.com/saas-pricing-models/?keyword=subscription%20service&matchtype=e&device=c&campaignid=10820569141&adgroupid=106215824843&adposition=&network=g&utm_source=google&utm_medium=adwords&utm_campaign=Subscription_EU_Exact&utm_term=Service_Exact&utm_content=&hsa_ad=481981901233&hsa_src=g&hsa_mt=e&hsa_net=adwords&hsa_kw=subscription%20service&hsa_tgt=kwd-322116973834&hsa_ver=3&hsa_acc=1475899910&hsa_grp=106215824843&hsa_cam=10820569141&gclid=CjwKCAiAwrf-BRA9EiwAUWwKXlf30XkZLwpQwaOqbxsmlKQQz73L40fvIZt95w3rJji9HVK2t9QxlhoCIzUQAvD_BwE']"
,$latest_page_url,str,"[nan, 'www.chargebee.com/stripe-recurring-payments-chargebee', 'www.chargebee.com/compare-competitors/stripe-billing', 'www.chargebee.com/saas-pricing-models', 'www.chargebee.com/subscription-management-with-chargebee']"
,$latest_referrer,str,"[nan, 'https://www.google.com', 'https://www.getapp.com/x/chargebee-application/exit?serp_sort=relevance&serp_num_found=13&serp_num_displayed=13&serp_num_premiums_displayed=5&serp_filtered=1&serp_header_id=49&serp_category_id=574&serp_position=0&url=https%3A%2F%2Fwww.chargebee.com%2F%3Futm_source%3DGetApp%26utm_medium%3DRBSM%26utm_campaign%3DC-RBSM&route=serp_integrated_with&mac=a6d8369c77a3278dde6c1cb48c033a7d671b9ab8498e2ddd5784034e4ab36565', '', 'https://www.capterra.ie/x/27559/chargebee?clickout_type=landing_page&clickout_placement=product-show-landing_page']"
,$latest_referrer_domain,str,"[nan, 'www.google.com', 'www.getapp.com', '', 'www.capterra.ie']"
,$latest_referrer_url,str,"[nan, 'www.google.com', 'www.getapp.com/x/chargebee-application/exit', '', 'www.capterra.ie/x/27559/chargebee']"
,$latest_source,str,"[nan, 'google', 'capterra-display', 'hs_email', 'facebook']"
,$initial_fbclid,str,"[nan, 'IwAR1DSWqp1GuN6BW_xZ6rp-6L-Ynzn6VFdejj98sB4P0PBmQYKQbVEbK9YLQ', 'PAAaakb3xGXbJ2QcRrkZuZCz2q2kCo_KMmAf1pncrNnLYp79G54xd-GCe-2pg', 'PAAabcOtv_t1WhxPDWFT2H9MgkE4NQehn2_A2PGo7pBb_T9465TO0L_yOdj74', 'IwAR0PdYINp63LCfQBWvVliwvcRS_lEiMk1GH0RM02H_B1pKXctqutIKuqMpY']"
,$latest_fbclid,str,"[nan, 'IwAR1DSWqp1GuN6BW_xZ6rp-6L-Ynzn6VFdejj98sB4P0PBmQYKQbVEbK9YLQ', 'PAAaakb3xGXbJ2QcRrkZuZCz2q2kCo_KMmAf1pncrNnLYp79G54xd-GCe-2pg', 'PAAabcOtv_t1WhxPDWFT2H9MgkE4NQehn2_A2PGo7pBb_T9465TO0L_yOdj74', 'IwAR0PdYINp63LCfQBWvVliwvcRS_lEiMk1GH0RM02H_B1pKXctqutIKuqMpY']"
,$identifiers,str,"[nan, '{""+1 19177413160"":{""timestamp"":1607661813,""page_url"":""www.chargebee.com/schedule-a-demo"",""source"":""sdk_event_track""}}', '{""+1  +1 9786218612"":{""timestamp"":1607482000,""page_url"":""www.chargebee.com/recurring-billing-with-chargebee"",""source"":""sdk_event_track""}}', '{""1444@alunos.ebimaia.net"":{""timestamp"":1607713002,""page_url"":""www.chargebee.com/cb-for-startups"",""source"":""sdk_event_track""}}', '{""+1 5032183678"":{""timestamp"":1607370611,""page_url"":""www.chargebee.com/schedule-a-demo"",""source"":""sdk_event_track""}}']"
,$user_id,str,"[nan, '+1 19177413160', '+1  +1 9786218612', '1444@alunos.ebimaia.net', '+1 5032183678']"
,$hubspot_company_company_level_leadstage_fs_,str,"[nan, 'Launch', 'Nurturing', 'Junk', 'New']"
,$hubspot_company_contact_hs_band,str,"[nan, '100-149', '0-49', '50-99', '150-199']"
,$hubspot_company_continent,str,"[nan, 'North America', 'Oceania', 'Asia', 'Europe']"
,$hubspot_company_country_workflow_,str,"[nan, 'united states', 'Australia', 'pakistan', 'united kingdom']"
,$hubspot_company_domain,str,"[nan, 'livewellmd.net', 'miniboo.com.au', 'septemsystems.com', 'brivvio.com']"
,$hubspot_company_first_conversion_event_name,str,"[nan, 'Stripe Recurring Payments with Chargebee: Drift', 'Signup', 'Prepare Your Startup for Hypergrowth with Chargebee: Chilipiper | Schedule a demo website | Production Form', 'Plans and Pricing - Chargebee: Chilipiper | Schedule a demo website | Production Form']"
,$hubspot_company_hs_analytics_source,str,"[nan, 'PAID_SEARCH', 'ORGANIC_SEARCH', 'OFFLINE', 'DIRECT_TRAFFIC']"
,$hubspot_company_hs_analytics_source_data_1,str,"[nan, 'stripe_na_exp', 'Unknown keywords (SSL)', 'BATCH_UPDATE', 'stripe_eu_exact']"
,$hubspot_company_hs_analytics_source_data_2,str,"[nan, 'payments_exact', 'GOOGLE', 'hapikey', 'startup_bofu']"
T/F,$hubspot_company_is_public,str,"[nan, 'false', 'true']"
,$hubspot_company_lifecyclestage,str,"[nan, 'marketingqualifiedlead', 'customer', 'opportunity', 'salesqualifiedlead']"
,$hubspot_company_marketing_conversion_mode,str,"[nan, 'SignUp', 'Schedule a demo - Calendly Website', 'Drift Chat', 'Support Chat']"
,$hubspot_company_name,str,"[nan, 'Livewellmd', 'MiniBoo', 'Septem Systems Pvt. LTD', 'Brivvio Pty Ltd']"
,$hubspot_company_recent_conversion_event_name,str,"[nan, 'Thank you Page | Chilipiper form', 'Signup', 'Prepare Your Startup for Hypergrowth with Chargebee: Chilipiper | Schedule a demo website | Production Form', 'Plans and Pricing - Chargebee: Chilipiper | Schedule a demo website | Production Form']"
,$hubspot_company_revenue_classification_clearbit,str,"[nan, 'Unknown', 'SMB-', 'SMB+', 'Enterprise']"
,$hubspot_company_revenue_classification_company,str,"[nan, 'Launch', 'SMB', 'Mid-Market', 'Enterprise']"
,$hubspot_company_website,str,"[nan, 'livewellmd.net', 'miniboo.com.au', 'septemsystems.com', 'brivvio.com']"
,$hubspot_contact_adwords_campaign_keyword_fs_,str,"[nan, 'stripe custom payment form', 'recurly', 'stripe payment integration', 'chargebee']"
,$hubspot_contact_assignee_email_sdr_,str,"[nan, 'ameeth.pai@chargebee.com', 'antony@chargebee.com', 'subash@chargebee.com', 'kashish@chargebee.com']"
,$hubspot_contact_bdr_owner,str,"[nan, 'Chandhini', 'Vijay Aaditya', 'Kaushik Kannan', 'Raghav']"
,$hubspot_contact_business_type_id,str,"[nan, 'Others', 'SaaS', 'Ecommerce']"
,$hubspot_contact_calendly_source_fs_,str,"[nan, 'calendly-thankyou', 'fb-ads-page', 'demo-pricing', 'demo-website']"
,$hubspot_contact_chargebee_customer_id,str,"[nan, 'mer_131881', 'mer_127148', 'mer_131146', 'mer_14127']"
,$hubspot_contact_company,str,"[nan, 'Livewell MD', 'Chargebee', ' MiniBoo Creative', 'Septem Systems']"
,$hubspot_contact_company_tech_categories,str,"[nan, 'productivity,cloud_computing_services,authentication_services', 'Vertical Industries.Real Estate Property Management.Lodgify.Lodgify, IT Infrastructure.IT Service Management.Freshdesk Inc.Freshservice, Security.Identity and Access Management.Okta, Inc..Okta, Sales.Lead Generation.Blitzen.Blitzen, Web Tools and Plugins.Web Content Management Systems.Automattic Inc.WordPress, Web Tools and Plugins.Web Fonts.Adobe Inc..Adobe Typekit, Intelligence and Analytics.Machine Learning.LinkedIn Corporation.Newsle, Web Tools and Plugins.CAPTCHA.N/A.CAPTCHA (common), IT Infrastructure.Content Delivery Networks.Cloudflare, Inc..Cloudflare CDN, Marketing.Email Marketing.Rocket Science Group LLC.MailChimp, Programming.Frameworks and Libraries.The jQuery Foundation Inc.jQuery, Sales.Appointment Scheduling.Chili Piper, Inc..Chili Piper, Human Resources.Applicant Tracking Systems.LinkedIn Corporation.LinkedIn Recruiter, Sales.Customer Relationship Management.Salesforce.com, Inc..Salesforce, Sales.Sales Intelligence.APIHub, Inc.Clearbit, Vertical Industries.Computer Aided Design.InVisionApp Inc..InVision, IT Infrastructure.Content Delivery Networks.Cloudflare, Inc..Cloudflare, Intelligence and Analytics.Web Analytics.Microsoft Corporation.Bing Universal Event Tracking, IT Infrastructure.Infrastructures as a Service.Amazon.com, Inc..Amazon AWS, Programming.Frameworks and Libraries.Modernizr.Modernizr, Communication and Collaboration.Other Communication and Collaboration Software.Teamwork.com, Ltd..Teamwork, Accounting and Finance.Other Accounting and Finance Software.U.S. Dataworks, Inc..Clearingworks, Advertising.Ad Exchanges.IPONWEB GmbH.BidSwitch, Advertising.Demand Side Platforms.Oath Inc..ONE by AOL: Display, Customer Service.Live Chats.Drift.com, Inc..Drift, Intelligence and Analytics.Web Analytics.Facebook, Inc..Facebook Analytics, Web Tools and Plugins.CAPTCHA.Google LLC.reCAPTCHA, Operations.Enterprise Resource Planning.Deltek, inc.Deltek, Audio, Video, Graphics.Online Video Platforms.Google LLC.YouTube, Data Management.Enterprise Search.Swiftype Inc.Swiftype, Intelligence and Analytics.A/B Testing.Wingify Software Pvt Ltd..VWO, IT Infrastructure.Email Delivery.Sendgrid, Inc..SendGrid, Advertising.Advertising Networks.LinkedIn Corporation.LinkedIn Ads, Sales.Sales Intelligence.LinkedIn Corporation.LinkedIn Sales Navigator, Marketing.Marketing Automation.HubSpot, Inc.HubSpot, IT Infrastructure.Web Accelerators.Cloudflare, Inc..Cloudflare Website Optimization, Human Resources.Other Human Resources Software.Achievers Solutions Inc..Achievers, IT Infrastructure.Email Delivery.The Rocket Science Group LLC.MailChimp SPF, Advertising.Data Management Platforms.Acxiom LLC.LiveRamp, Intelligence and Analytics.Web Analytics.Google LLC.Google Analytics Event Tracking, Intelligence and Analytics.Web Analytics.APIHub, Inc.Clearbit Reveal, IT Infrastructure.Web Hosting.Amazon.com, Inc..AWS Web Hosting, Sales.Lead Generation.Sumo Group Inc..Sumo, Accounting and Finance.Recurring Billing.Fusebill Inc..Fusebill, Advertising.Retargeting.AdRoll Inc.AdRoll, IT Infrastructure.Content Delivery Networks.Cloudflare, Inc..Cloudflare CDN (Site Delivery), Human Resources.Human Resource Management Systems.Deltek, inc.Deltek Talent Management, IT Infrastructure.Email Hosting.Google LLC.Gmail for business, Programming.Frameworks and Libraries.Twitter, Inc..Bootstrap, Intelligence and Analytics.Web Analytics.Google LLC.Google Analytics, Marketing.Other Marketing Software.LinkedIn Corporation.LinkedIn Insight Tag, IT Infrastructure.Email Delivery.Rocket Science Group LLC.Mandrill, E-Commerce.Payment Processing.PayPal Holdings, Inc..PayPal, Web Tools and Plugins.Widgets.Facebook, Inc..Facebook SDK, Intelligence and Analytics.Web Analytics.Google LLC.Google Universal Analytics, Marketing.Marketing Data Providers.Rapleaf.Rapleaf, Advertising.Other Advertising Software.Facebook, Inc..Facebook Pixel, Advertising.Retargeting.Facebook, Inc..Facebook Web Custom Audiences, Customer Service.Other Customer Service Software.Nickelled Ltd.Nickelled, Advertising.Supply Side Platforms.PubMatic, Inc..PubMatic, Human Resources.Job Boards.SelectLeaders.SelectLeaders, Advertising.Advertising Networks.Microsoft Corporation.Bing Ads, Sales.Appointment Scheduling.ZINGFIT LLC.Zingfit, Communication and Collaboration.Project Management.Atlassian Corporation Plc.Jira, Human Resources.Applicant Tracking Systems.LinkedIn Corporation.Connectifier, Advertising.Native Advertising.TripleLift Inc.TripleLift, Human Resources.Applicant Tracking Systems.TalentNest.TalentNest, Web Tools and Plugins.Social Login.LinkedIn Corporation.Linkedin JavaScript SDK, Web Tools and Plugins.Other Web Tools and Plugins.Fonticons, Inc..Font Awesome, Sales.Sales Enablement.SalesLoft, Inc..SalesLoft, Web Tools and Plugins.Social Login.LinkedIn Corporation.LinkedIn Login, Web Tools and Plugins.Online Form Builders.Typeform S.L..Typeform, Human Resources.Corporate Learning Management Systems.LinkedIn Corporation.Lynda Business, Marketing.Other Marketing Software.Twitter, Inc..Twitter Cards, Human Resources.Other Human Resources Software.All4Staff, Inc..WorkBright, Programming.Frameworks and Libraries.The jQuery Foundation Inc.jQuery Migrate, Communication and Collaboration.Office Suites.Google LLC.G Suite, Web Tools and Plugins.Online Form Builders.HubSpot, Inc.HubSpot Form Builder, Marketing.Search Marketing.Yoast BV.Yoast SEO, Security.SSL Certificates.Starfield Technologies.Starfield Technologies, Advertising.Ad Exchanges.Openx Software Ltd.OpenX Ad Exchange, Programming.Frameworks and Libraries.N/A.Nuxt.js, IT Infrastructure.Domain Name Services.Amazon.com, Inc..Amazon Route 53', 'web_hosting,email_hosting_service,advertising,productivity,analytics', 'content_management_system,web_servers,live_chat']"
,$hubspot_contact_contact_owner_fs_,str,"[nan, 'Sales Ops', 'Preeti Dhanapalan', 'Antony Max  Max Alex', 'Siddharth Khandelwal']"
,$hubspot_contact_continent_fs_,str,"[nan, 'North America', 'Oceania', 'Asia', 'Europe']"
,$hubspot_contact_country_drift,str,"[nan, 'United States', 'Malaysia', 'India', 'Australia']"
T/F,$hubspot_contact_currentlyinworkflow,str,"[nan, 'true', 'false']"
Y/N,$hubspot_contact_do_not_disturb,str,"[nan, 'no', 'yes']"
,$hubspot_contact_email,str,"[nan, '247doctors@livewellmd.net', 'aaron@chargebee.com', 'abby@miniboo.com.au', 'mubasher.hussain@septemsystems.com']"
,$hubspot_contact_email_deliverability_status,str,"[nan, 'deliverable', 'undeliverable', 'risky', 'unknown']"
,$hubspot_contact_first_conversion_event_name,str,"[nan, 'Stripe Recurring Payments with Chargebee: Drift', 'Signup', 'The Waltz of FinOps and SalesOps: TOFU-FinOps<>SalesOps Webinar', 'Wielding Freemium Vol. 1 | Oct. 24 2019: Wielding Freemium | Registrations']"
,$hubspot_contact_hs_all_contact_vids,str,"[nan, '202237001;202236651', '199552851', '179619051', '198494901']"
,$hubspot_contact_hs_analytics_first_referrer,str,"[nan, 'https://www.google.com/', 'https://www.google.com.au/', 'https://onezero-test.chargebee.com/subscriptions', 'android-app://com.google.android.gm']"
,$hubspot_contact_hs_analytics_first_url,str,"[nan, 'https://www.chargebee.com/stripe-recurring-payments-chargebee/?keyword=stripe%20custom%20payment%20form&matchtype=e&device=c&campaignid=10820569138&adgroupid=106215824563&adposition=&network=g&utm_source=google&utm_medium=adwords&utm_campaign=Stripe_NA_Exp&utm_term=Payments_Exact&hsa_ad=482437553466&hsa_src=g&hsa_mt=e&hsa_net=adwords&hsa_kw=stripe%20custom%20payment%20form&hsa_tgt=kwd-322497915543&hsa_ver=3&hsa_acc=1475899910&hsa_grp=106215824563&hsa_cam=10820569138&gclid=EAIaIQobChMIkOag_aq07QIVR4VaBR3AtQjeEAAYAiAAEgLqh_D_BwE', 'https://www.chargebee.com/subscription-management', 'https://www.chargebee.com/pricing/?ref=navbar', 'https://www.chargebee.com']"
,$hubspot_contact_hs_analytics_last_referrer,str,"[nan, 'https://www.chargebee.com/', 'https://www.chargebee.com/trial-signup/', 'https://github.com/chargebee/chargebee-js-wrappers/tree/master/chargebee-js-vue', 'https://www.chargebee.com/help/']"
,$hubspot_contact_hs_analytics_last_url,str,"[nan, 'https://www.chargebee.com/signup-thank-you/?forward_url=https%3A%2F%2Fyour-site-1607086487314-test.chargebee.com%2Fdashboards%2F%3Fsignup%3Dtrue', 'https://www.chargebee.com/signup-thank-you/?forward_url=https%3A%2F%2Fyour-site-1600254169208-test.chargebee.com%2Fdashboards%2F%3Fsignup%3Dtrue', 'https://www.chargebee.com/docs/api_keys.html', 'https://www.chargebee.com/docs/saml.html']"
,$hubspot_contact_hs_analytics_source,str,"[nan, 'PAID_SEARCH', 'OFFLINE', 'ORGANIC_SEARCH', 'DIRECT_TRAFFIC']"
,$hubspot_contact_hs_analytics_source_data_1,str,"[nan, 'stripe_na_exp', 'INTEGRATION', 'Unknown keywords (SSL)', 'www.chargebee.com/pricing']"
,$hubspot_contact_hs_analytics_source_data_2,str,"[nan, 'payments_exact', '212434', 'GOOGLE', 'BCC_TO_CRM']"
,$hubspot_contact_hs_calculated_form_submissions,str,"[nan, '4b02e542-d65b-415a-b370-7a3b58aa049e::1607085352585;39e56b6a-4d35-450f-9029-b605de77a778::1607086500624;1942501b-1187-4f6f-885f-b5d2f4a4498b::1607086564651;1942501b-1187-4f6f-885f-b5d2f4a4498b::1607086565092', '39e56b6a-4d35-450f-9029-b605de77a778::1600254183447', '39e56b6a-4d35-450f-9029-b605de77a778::1605869061823', '2dcabd1c-3b7b-435b-9b15-6c09ef98f34d:33778014561:1599109515252;58420732-1754-4458-9d84-fc0e96703fef:36562064244:1604392363819']"
,$hubspot_contact_hs_calculated_phone_number_country_code,str,"[nan, 'US', 'AU', 'PK', 'NZ']"
,$hubspot_contact_hs_email_domain,str,"[nan, 'livewellmd.net', 'chargebee.com', 'miniboo.com.au', 'septemsystems.com']"
,$hubspot_contact_hs_email_last_email_name,str,"[nan, 'Product Sequences - Generic - Email 1', 'FY20Q3|GC CB| ANZ - 3rd set', 'FY20Q4 | Churn Masterclass | Invite Email (ToFu/MQL)', 'FY20Q4 | Secrets to Closing the Deal | Webinar Follow-up | Email #1']"
,$hubspot_contact_hs_google_click_id,str,"[nan, 'EAIaIQobChMIkOag_aq07QIVR4VaBR3AtQjeEAAYAiAAEgLqh_D_BwE', 'EAIaIQobChMIpam74re-3gIVSamWCh2cywecEAAYASAAEgJYHvD_BwE', 'Cj0KCQiAhZT9BRDmARIsAN2E-J2wdhYN4K58VjsDgXMOi65A1fP6LcCqj06Da4gaxxDRS_of9JCQ_sEaAqbsEALw_wcB', 'CjwKCAiAwrf-BRA9EiwAUWwKXnZ7zuuY-haBsI-CptWbTnm4fKdkKdN0FtzH2bWegpuIt5LrnwQ56BoCk8MQAvD_BwE']"
,$hubspot_contact_hs_ip_timezone,str,"[nan, 'america_slash_chicago', 'australia_slash_melbourne', 'asia_slash_karachi', 'asia_slash_kolkata']"
T/F,$hubspot_contact_hs_is_contact,str,"[nan, 'true']"
T/F,$hubspot_contact_hs_is_unworked,str,"[nan, 'true', 'false']"
T/F,$hubspot_contact_hs_marketable_until_renewal,str,"[nan, 'false']"
,$hubspot_contact_hs_predictivescoringtier,str,"[nan, 'tier_1', 'closed_won', 'tier_2', 'tier_3']"
,$hubspot_contact_ip_city,str,"[nan, 'springfield', 'melbourne', 'lahore', 'pune']"
,$hubspot_contact_ip_continent,str,"[nan, 'NAMER', 'ANZ', 'APAC', 'EU']"
,$hubspot_contact_ip_country,str,"[nan, 'united states', 'australia', 'pakistan', 'india']"
,$hubspot_contact_ip_country_code,str,"[nan, 'us', 'au', 'pk', 'in']"
,$hubspot_contact_ip_country_fs_,str,"[nan, 'United States', 'Australia', 'Pakistan', 'United Kingdom']"
,$hubspot_contact_ip_state,str,"[nan, 'missouri', 'victoria', 'punjab', 'maharashtra']"
,$hubspot_contact_ip_state_code,str,"[nan, 'mo', 'vic', 'pb', 'mh']"
T/F,$hubspot_contact_is_active_on_site_cbm_,str,"[nan, 'true', 'false']"
T/F,$hubspot_contact_is_disposable_email,str,"[nan, 'false', 'False', 'FALSE', 'TRUE']"
T/F,$hubspot_contact_is_free_email,str,"[nan, 'false', 'False', 'FALSE', 'True']"
T/F,$hubspot_contact_is_live_site_user_cbm_,str,"[nan, 'false', 'true']"
T/F,$hubspot_contact_is_role_based_email,str,"[nan, 'false', 'False', 'FALSE', 'True']"
T/F,$hubspot_contact_is_test_site_user_cbm_,str,"[nan, 'true', 'false']"
,$hubspot_contact_lastname,str,"[nan, '247doctors@livewellmd.net', 'Terry', 'Johnston', 'Hussain']"
,$hubspot_contact_lead_guid,str,"[nan, '5d17f046-9c24-439a-8405-0206598c9ad4', 'c7c6462c-ef9c-439f-92e3-0d3efffdf983', '18cebd35-e925-4d05-b92d-b1c3b0f61e5d', 'bcb17011-d2f9-4bcb-abba-e1fcbcabc899']"
,$hubspot_contact_lead_quality_fs,str,"[nan, 'Cold', 'Warm', 'Hot']"
,$hubspot_contact_lead_score_bucket,str,"[nan, '100-150', 'Less than 50', '50-100', 'Greater than 150']"
,$hubspot_contact_lead_shift,str,"[nan, 'Afternoon', 'Early Morning', 'Morning', 'Weekend']"
,$hubspot_contact_lead_stage_drift,str,"[nan, 'Bofu_Stripe', 'Mofu - G2C Report', 'Bofu_Return', 'BOFU - Mid Market']"
,$hubspot_contact_lead_stage_fs_,str,"[nan, 'Launch', 'New', 'Nurturing', 'Junk']"
,$hubspot_contact_lifecyclestage,str,"[nan, 'marketingqualifiedlead', 'subscriber', 'lead', 'customer']"
,$hubspot_contact_marketing_campaign,str,"[nan, 'Stripe_NA_Exp', '(organic)', '(direct)', 'Spiff Webinar: SalesOps + FinOps']"
,$hubspot_contact_marketing_conversions_mode,str,"[nan, 'SignUp', 'Drift Chat', 'Schedule a demo - Calendly Website', 'Support Chat']"
,$hubspot_contact_marketing_medium,str,"[nan, 'Paid', 'Others', 'Organic', 'Direct']"
,$hubspot_contact_marketing_paid_campaign_theme,str,"[nan, 'Stripe', 'Recurly', 'RLSA', 'Branded']"
,$hubspot_contact_marketing_source,str,"[nan, 'google', '(direct)', 'hs_email', 'Xerocon Brisbane 2019']"
Y/N,$hubspot_contact_must_win,str,"[nan, 'no', 'yes']"
,$hubspot_contact_plan_cbm_,str,"[nan, '14 day trial USD', '14 day trial AUD', 'CBEE Trial USD', '14 day trial GBP']"
,$hubspot_contact_recent_conversion_event_name,str,"[nan, 'Thank you Page | Chilipiper form', 'Signup', 'Secrets to Closing the Deal with World Series Poker Champion - Phil Hellmuth : Brand Growth | Phil <> Get accept | Webinar', 'Choose the Best Subscription Management Software for your SaaS | Chargebee: Drift']"
,$hubspot_contact_revenue_classification,str,"[nan, 'Enterprise', 'Mid-Market', 'Launch', 'SMB']"
,$hubspot_contact_revenue_classification_clearbit,str,"[nan, 'Unknown', 'SMB-', 'SMB+', 'Mid-Market']"
,$hubspot_contact_signed_up_plan,str,"[nan, 'Launch', 'launch']"
,$hubspot_contact_subscription_status_cbm_,str,"[nan, 'IN_TRIAL', 'CANCELLED', 'ACTIVE', 'NON_RENEWING']"
Y/N,$hubspot_contact_tbd_from_hubspot_fs_,str,"[nan, 'no']"
,$hubspot_contact_trial_nurture_status,str,"[nan, 'Active']"
,$hubspot_contact_utm_campaign_cbwebsite,str,"[nan, 'Stripe_NA_Exp', '(organic)', '(direct)', 'Recurly_APAC_New']"
,$hubspot_contact_utm_gclid,str,"[nan, 'EAIaIQobChMIkOag_aq07QIVR4VaBR3AtQjeEAAYAiAAEgLqh_D_BwE', 'EAIaIQobChMIpam74re-3gIVSamWCh2cywecEAAYASAAEgJYHvD_BwE', 'CjwKCAiAwrf-BRA9EiwAUWwKXnZ7zuuY-haBsI-CptWbTnm4fKdkKdN0FtzH2bWegpuIt5LrnwQ56BoCk8MQAvD_BwE', 'Cj0KCQiA2af-BRDzARIsAIVQUOflUonnXPFsqw_7HBaYr6uJywc0HPoFe0G7unLFEWvYxgz00l3ZmscaAlWgEALw_wcB']"
,$hubspot_contact_utm_keyword_cbwebsite,str,"[nan, 'Payments_Exact', '(not%20provided)', 'Subscriptions_Exact', 'Carousel2']"
,$hubspot_contact_utm_medium_cbwebsite,str,"[nan, 'adwords', 'organic', '(none)', 'adword']"
,$hubspot_contact_utm_source_cbwebsite,str,"[nan, 'google', '(direct)', 'cloudsmallbusinessservice.com', 'bing']"
,$latest_keyword,str,"[nan, 'CoreBrand_Exact', 'CoreBrand_Broad', 'Integration_BMM', 'Payments_BMM']"
,$initial_keyword,str,"[nan, 'CoreBrand_Broad', 'Checkout_Exact', 'Subscription_Display', 'SaaS_Exact']"
,$hubspot_contact_firstname,str,"[nan, 'Aaron', 'Abby ', 'Mubasher', 'Abhishek']"
,$hubspot_contact_website,str,"[nan, 'http://www.chargebee.com', 'http://septemsystems.com', 'http://Www.Korulifescience.com', 'http://athdigitalmedia.com']"
,$hubspot_company_address,str,"[nan, '64 BREAKWATER RD', '1452 U.S. Highway 1', 'IDEON GATEWAY, SCHEELEVAGEN 27', '1209 Lynbrook Way']"
,$hubspot_company_city,str,"[nan, 'East Geelong', 'Lahore', 'Fort Pierce', 'Lund']"
,$hubspot_company_country,str,"[nan, 'Australia', 'Pakistan', 'United States', 'Sweden']"
,$hubspot_company_description,str,"[nan, 'We understand that big dreams are often paired with financial limitations. Set your brand on the right track for success with effective, affordable solutions.', 'Providing unique IT services designed to excel', 'Brivvio - Record and publish professionally branded videos instantly.', 'Web site created using create-react-app']"
,$hubspot_company_industry,str,"[nan, 'MARKETING_AND_ADVERTISING', 'INFORMATION_TECHNOLOGY_AND_SERVICES', 'COMPUTER_SOFTWARE', 'EDUCATION_MANAGEMENT']"
,$hubspot_company_linkedin_company_page,str,"[nan, 'https://www.linkedin.com/company/miniboo', 'https://www.linkedin.com/company/septemsystems', 'https://www.linkedin.com/company/snappy-kraken', 'https://www.linkedin.com/company/smarte-inc']"
,$hubspot_company_linkedinbio,str,"[nan, 'We understand that big dreams are often paired with financial limitations. Set your brand on the right track for success with effective, affordable solutions.', 'SigSense retails Plug and Play telemetry systems for the Australian non-urban water metering market.', ""Su startupgeeks.it raccontiamo e promuoviamo il mondo delle startup italiane con l'obiettivo di dargli una voce e di renderlo pi attrattivo."", 'Bold marketing campaigns for financial advisers who demand to stand out. Results-focused, compliant, and a snap to use!']"
,$hubspot_company_state,str,"[nan, 'Victoria', 'Punjab', 'Florida', 'CA']"
,$hubspot_company_timezone,str,"[nan, 'Australia/Melbourne', 'Asia/Karachi', 'America/New_York', 'Europe/Stockholm']"
,$hubspot_company_twitterhandle,str,"[nan, 'MiniBooCreative', 'brivvio', 'Startupgeeks_', 'onbranded']"
,$hubspot_company_web_technologies,str,"[nan, 'microsoft_exchange_online;clicky;google_analytics;godaddy_nameserver;outlook;facebook_advertiser;wordpress;max_c_d_n', 'apache;wordpress;go_squared', 'vimeo;namecheap_dns;google_tag_manager;google_analytics;google_apps;facebook_advertiser', 'microsoft_exchange_online;microsoft_office_365;apache;wordpress;godaddy_nameserver;outlook']"
,$hubspot_contact_business_type_cbm_,str,"[nan, 'not_known', 'saas', 'ecommerce', 'internal_saas']"
,$hubspot_contact_cancellation_reason,str,"[nan, 'Trial expired']"
,$hubspot_contact_chargebee_site_status,str,"[nan, 'Cancelled', 'Account claimed', 'Activated']"
,$hubspot_contact_company_tags,str,"[nan, 'Marketing & Advertising', 'Information Technology & Services', 'Information Technology & Services,Technology,SAAS,B2B,Enterprise', 'Internet']"
,$hubspot_contact_country,str,"[nan, 'Australia', 'Canada', ' United States', 'Sweden']"
,$hubspot_contact_employee_size_clearbit,str,"[nan, '1-10', '11-50', '51-250', '251-1K']"
,$hubspot_contact_industry,str,"[nan, 'Media', 'Internet Software & Services', 'SaaS', 'Consumer Staples']"
,$hubspot_contact_industry_group,str,"[nan, 'Media', 'Software & Services', 'Consumer Staples', 'Commercial & Professional Services']"
,$hubspot_contact_job_function,str,"[nan, 'Business Support', 'Engineering', 'Other', 'General Operations']"
,$hubspot_contact_job_seniority,str,"[nan, 'Individual contributor / other', 'C-level or board', 'Founder', 'Manager']"
,$hubspot_contact_jobtitle,str,"[nan, 'Managing Partner ', 'Full Stack Web Developer (Laravel + Vue)', 'N/A', 'Chief Operating Officer']"
,$hubspot_contact_revenue_range_text,str,"[nan, '$0-$1M', '$1M-$10M', '$10M-$50M', '$50M-$100M']"
,$hubspot_contact_sector,str,"[nan, 'Consumer Discretionary', 'Information Technology', 'Consumer Staples', 'Industrials']"
,$hubspot_contact_sub_sector,str,"[nan, 'Advertising', 'Internet Software & Services', 'Internet', 'Consumer Staples']"
,$hubspot_company_phone,str,"[nan, '+92 321 7765851', '+1 844-762-7795', '+46 46386750', '1(408)834-8842']"
,$hubspot_contact_chargebee_site_name,str,"[nan, 'conduktor-local-septemsystems', 'brivvio', 'nupa', 'sigsense']"
,$hubspot_contact_company_url,str,"[nan, 'chargebee.com']"
,$hubspot_contact_hs_analytics_last_touch_converting_campaign,str,"[nan, '04c70c6e-cf21-4af0-bb41-ff41e315aeed', 'adf029ba-ea76-49b4-8ae0-bdbeb243b600', 'b686172b-21c1-4a4c-ae46-351b482a4def', '3fd1a62d-5681-4c9c-9829-e9118f5685f9']"
,$hubspot_contact_utm_campaign,str,"[nan, 'FY20Q4 | Brand | Phil GetAccept', 'Spiff Webinar: SalesOps + FinOps', 'ChangeSummit', 'Champions of Change Summit']"
,$hubspot_contact_utm_medium,str,"[nan, 'email', 'social', 'paid']"
,$hubspot_contact_utm_source,str,"[nan, 'internal-social', 'hs_email', 'facebook', 'linkedin']"
,$hubspot_contact_csm_calendly_link,str,"[nan, 'https://calendly.com/sairamnath', 'https://calendly.com/athira-cb/athira30', 'https://calendly.com/vidhulissa', 'https://calendly.com/saurabh_bhatia']"
,$hubspot_contact_csm_ces_email_id,str,"[nan, 'sai@hey.chargebee.com', 'athira@hey.chargebee.com', 'vidhulissa.m@hey.chargebee.com', 'saurabh@hey.chargebee.com']"
,$hubspot_contact_csm_owner_cbm_,str,"[nan, 'Sairamnath A', 'Athira Ajit', 'Vidhulissa Mahendran', 'Saurabh Bhatia']"
,$hubspot_contact_freemium_category_cbm_,str,"[nan, 'B1', 'B3', ' ', 'B5']"
T/F,$hubspot_contact_hs_email_optout_4356543,str,"[nan, 'true']"
T/F,$hubspot_contact_hs_email_optout_4623032,str,"[nan, 'true']"
T/F,$hubspot_contact_hs_email_optout_5657505,str,"[nan, 'true']"
T/F,$hubspot_contact_hs_email_optout_5773070,str,"[nan, 'true']"
T/F,$hubspot_contact_hs_email_optout_5830713,str,"[nan, 'true']"
T/F,$hubspot_contact_hs_email_optout_6714938,str,"[nan, 'true']"
T/F,$hubspot_contact_hs_email_optout_6860878,str,"[nan, 'true']"
T/F,$hubspot_contact_hs_email_optout_6932217,str,"[nan, 'true']"
T/F,$hubspot_contact_hs_email_optout_9535844,str,"[nan, 'true']"
,$hubspot_contact_hs_first_engagement_object_type,str,"[nan, 'EMAIL', 'MEETING_EVENT']"
,$hubspot_contact_hs_sa_first_engagement_descr,str,"[nan, 'EMPTY_DESCRIPTION', 'SCHEDULED']"
,$hubspot_contact_hs_sa_first_engagement_object_type,str,"[nan, 'EMAIL', 'MEETING_EVENT']"
,$hubspot_contact_lead_rating_fs_,str,"[nan, 'High', 'Mid']"
,$hubspot_contact_owner_email,str,"[nan, 'sidkhandelwal@chargebee.com', 'priya.v@chargebee.com', 'shruti.r@chargebee.com', 'naven@chargebee.com']"
,$hubspot_contact_cf_revenue_per_month,str,"[nan, 'under 50k', 'over 50k']"
T/F,$hubspot_contact_is_site_owner_cbm_,str,"[nan, 'true', 'false']"
,$hubspot_contact_lead_description,str,"[nan, ""We're putting the power of branding in your hands. Create branded videos instantly, anywhere, anytime.    Pre-register for early access at https://t.co/jcW9SsFQMc"", ""Su startupgeeks.it raccontiamo il mondo delle startup italiane con l'obiettivo di renderlo pi attrattivo, conosciuto e connesso. Vieni a trovarci!"", ""Chargebee's subscription billing software powers end-to-end recurring billing for subscription businesses with smart automation."", 'We love to support small businesses so we don%27t charge an arm and a leg to get online, we keep it simple, get in touch with us now!']"
,$hubspot_contact_coupons_applied,str,"[nan, 'Coupon for FISHBURNERSA8', 'CAD 9 OFF FOR 12 MONTHS', '20% off on RISE for 2 months', '15% Discount']"
,$hubspot_contact_plan_type_on_activation,str,"[nan, 'Freemium', 'Paid']"
T/F,$hubspot_contact_clearbit_must_win,str,"[nan, 'true']"
,$hubspot_contact_hs_analytics_first_touch_converting_campaign,str,"[nan, 'ea7ca36a-ed90-49ef-91b6-7a415ebd3181', 'b686172b-21c1-4a4c-ae46-351b482a4def', '3fd1a62d-5681-4c9c-9829-e9118f5685f9']"
Y/N,$hubspot_contact_hubspot_must_win,str,"[nan, 'Yes']"
,$hubspot_contact_business_product_stage_,str,"[nan, 'Still in development', 'Launched and in the market', 'Ready and launching soon', 'Yes']"
T/F,$hubspot_contact_hs_facebook_ad_clicked,str,"[nan, 'true']"
,$hubspot_contact_hs_facebook_click_id,str,"[nan, 'PAAaajvvw-GV8rTQ27CPrB7MXNLK6Z90kNo5xC6idSUsZBtF68eZStbV9ZBcg', 'IwAR2Rx39-iLxX0jmKr5BV9UYU7Q7ujA-9Vb7AmBrxYj4RHaGqn0NgNKmvDEY', 'IwAR0Q1HIQfFAReuo_icJc6tSlvkkQDqKVelsZ6cQH4P7JKdjeOoRBKF5AcTs', 'IwAR0V7-Hl3bvhqWATaX9zSm6fRjVMzCD8RCC1BDdZAb10VgVgBGP4EAUNx6g']"
,$hubspot_contact_ae_territory_fs_,str,"[nan, 'US', 'Europe', 'APAC', 'ANZ']"
,$hubspot_contact_clearbit_reveal_company_country,str,"[nan, 'Canada', 'Sweden', 'Spain', 'India']"
,$hubspot_contact_current_billing_system,str,"[nan, 'Others', 'New Business', 'Internal', 'Stripe API']"
,$hubspot_contact_demo_booked_by,str,"[nan, 'Kashish Puri', 'George Cherian', 'Preeti Dhanapalan', 'Sid Khandelwal']"
T/F,$hubspot_contact_demo_booked_yes_no_,str,"[nan, 'true']"
,$hubspot_contact_demo_scheduled_for_fs_,str,"[nan, 'Sam Gifford', 'Prathibha', 'Kaushik Chander', 'Ed Gorfinkle']"
,$hubspot_contact_demo_status,str,"[nan, 'Disco Booked', 'No Disco - Launch', 'Disco Cancelled / No Show', 'Disco Given']"
,$hubspot_contact_existing_payment_gateway_fs_,str,"[nan, 'Braintree, Spreedly, NMI Gateway ', 'stripe', 'others', 'authorize.net']"
,$hubspot_contact_revenue_segment_fs_,str,"[nan, 'Scaleup ($1M to $25M)', 'Startup (<$1M)', 'Grow ($25M- $100M+)']"
,$hubspot_company_g2_buyer_intent_details,str,"[nan, 'On October 07 2020 for Chargebee: 1 visitor viewed sponsored content on a page for Memberstack 1 time; 1 visitor viewed the alternatives / competitors page for Memberstack 1 time', 'On September 09 2020 for Chargebee: 2 visitors compared you to Stripe Billing 2 times', 'On December 02 2020 for Chargebee: 1 visitor compared you to Stripe Billing 1 time.', 'On August 12 2020 for Chargebee: 1 visitor compared you to Recurly 1 time']"
T/F,$hubspot_contact_n14_day_trial_contact_sales,str,"[nan, 'true']"
,$hubspot_company_abm_campaign,str,"[nan, 'Q3 2020 TAL', 'Q4 2020 TAL', ""G2 May Q2FY'20"", 'Web Q4FY20']"
,$hubspot_company_account_owner_abm_outbound_,str,"[nan, 'Michael Snow', 'Raja G', 'Ajay Suresh', 'Anand Sridhar']"
,$hubspot_company_company_tags,str,"[nan, 'Information Technology & Services,Technology,Marketing & Advertising,B2B,SAAS', 'Information Technology & Services,Technology,B2B,SAAS,Enterprise', 'Education', 'Information Technology & Services']"
T/F,$hubspot_company_hs_is_target_account,str,"[nan, 'true']"
,$hubspot_company_revenue_range_text,str,"[nan, '$1M-$10M', '$50M-$100M']"
,$hubspot_company_target_account_tier,str,"[nan, 'Named', 'Intent']"
,$hubspot_contact_hs_persona,str,"[nan, 'persona_3', 'persona_4', 'persona_2', 'persona_5']"
,$hubspot_contact_persona_sl_,str,"[nan, 'persona_3', 'tester', 'persona_4', 'persona_2']"
Y/N,$hubspot_company_must_win_account,str,"[nan, 'Yes']"
,$hubspot_contact_address,str,"[nan, 'Scheelevgen 27', 'N/AUnited States', '156 2nd St', '12235 York Rd']"
,$hubspot_contact_city,str,"[nan, 'Lund', 'Berlin', 'N/A', 'San Francisco']"
,$hubspot_contact_clearbit_reveal_company_employee_range,str,"[nan, '1-10', '51-250', '11-50', '1K-5K']"
,$hubspot_contact_clearbit_reveal_company_estimated_annual_revenue,str,"[nan, '$0-$1M', '$10M-$50M', '$1M-$10M', '$500M-$1B']"
,$hubspot_contact_clearbit_reveal_company_name,str,"[nan, 'Zaplify', 'Reason Automation', 'BCOME', 'Supr Daily']"
,$hubspot_contact_state,str,"[nan, 'Malmo Metropolitan Area ', 'N/A', 'California', 'Gujarat  ']"
,$hubspot_contact_zip,str,"[nan, '223 63', 'N/A', '94105', '44133']"
T/F,$hubspot_contact_n14_day_trial_extension_completed,str,"[nan, 'true']"
,$hubspot_company_facebook_company_page,str,"[nan, 'https://facebook.com/smarteinc', 'https://facebook.com/nanonets', 'https://facebook.com/50skills', 'https://www.facebook.com/VenturePact']"
,$hubspot_contact_call_booked_via_chat_ldr,str,"[nan, 'Ayush Omer', 'Jason Rocky Dsouza', 'Muhil', 'Smriti']"
,$hubspot_contact_bdr_notes,str,"[nan, 'No website is available.\nNo other information is available', 'Company URL: https://www.bbqsauce.co.nz/\n\nCompany:\n\nThey are a digital marketing company that provides services like website Creation, Management, Email Marketing, Social Management, Digital Assistance., Logo Design.\n\nThey are based in New Zealand\n\nProduct: Marketing\n\nPricing:\n$300/production fee $25/pm\n$400/production fee $30/pm\n$700+/production fee $50/pm\nhttps://www.bbqsauce.co.nz/#Pricing', 'Company URL: https://www.westvalleymavericksfoundation.org/ \n\nAbout the company:\n\nThe West Valley Mavericks Foundation is a non profit organization.\nThey are a group of community leaders working together to provide philanthropic support for those in need in the West Valley\nThey are based in Arizona.\n\nProduct: Non - Organization, Fundraisers.\n\n\n\n\n\n', 'http://seriesconsulting.com.au/ - (No information in the web page to enrich)\n\nhttps://www.linkedin.com/in/peter-ha-6ba86962/ ']"
,$hubspot_company_total_money_raised,str,"[nan, '120K', '$0', '612.7K', '24.2M']"
,$hubspot_contact_job_role,str,"[nan, 'marketing', 'leadership', 'information_technology', 'engineering']"
,$hubspot_contact_clearbit_reveal_company_tags,str,"[nan, 'SAAS']"
,$hubspot_contact_tag_id,str,"[nan, 'messages-ee973ed424384cfa92ffae519e3b5e29', 'messages-9623b27df19743be817a300fa80b3c36', 'messages-efadb20d23844823bf9f578c591e0134', 'messages-864872ed53a74b79a4b1f337cbb0d0fa']"
,$hubspot_contact_accounting_software,str,"[nan, 'test ku kaaga']"
,$hubspot_contact_cf_average_revenue_per_customer_arpu,str,"[nan, '$1,000+', '$20-$100', '$0-$1,000', '$0-$20']"
,$hubspot_contact_cf_number_of_customers,str,"[nan, '0-1,000', '0-100', '1,000+']"
,$hubspot_contact_chargebee_academy_status,str,"[nan, 'Activated', 'In Progress', 'Enrolled']"
,$hubspot_contact_current_activity_id,str,"[nan, 'bcc30443-54ad-410a-8976-cdc26151a3a3', 'f5c23143-5db4-40e7-87aa-adbb251e98c9', 'ae5038ae-5e09-4f7c-a1f9-5dd0ba69193d']"
,$hubspot_contact_hs_additional_emails,str,"[nan, 'pallabi@chargebee.com', 'brad@purplecowinternet.com', 'dhanush.hl+04@openturf.in;dhanush.hl+3@openturf.in;dhanush.hl+01@openturf.in', 'heybabu@google.com;ajoy@google.com;manam@google.com;kondavetidonga@google.com;demosite@google.com;pushpa@google.com;saturdayworking@ajay.com;rrr@google.com;diwali@google.com;demo1@google.com;kodhamasimham@google.com;rowdybaby@google.com']"
,$hubspot_contact_hs_email_hard_bounce_reason_enum,str,"[nan, 'UNKNOWN_USER', 'POLICY', 'MAILBOX_FULL', 'OTHER']"
T/F,$hubspot_contact_self_activated_,str,"[nan, 'true']"
,$hubspot_contact_gateways_configured_cbm_,str,"[nan, 'Stripe(outgrow)', 'Stripe(payfacilio)', 'Bambora, Stripe(purplecowinternet)', 'Braintree(sensiml)']"
,$hubspot_contact_integrations_enabled_cbm_,str,"[nan, 'intercom(outgrow)', 'salesforce(purplecowinternet)', 'hubspot,quickbooks(sensiml)', 'MailChimp(clivilius)']"
,$hubspot_contact_is_active_on_other_sites_cbm_,str,"[nan, 'outgrow', 'payfacilio', 'purplecowinternet', 'sensiml']"
,$hubspot_contact_role_cbm_,str,"[nan, 'Tech Support (outgrow)', 'Finance Executive, Sales Manager, Customer Support, Sales Agent (payfacilio)', 'Owner (purplecowinternet)', 'Owner (sensiml)']"
,$hubspot_contact_chargebee_team,str,"[nan, 'Support', 'Sales', 'Presales']"
Y/N,$hubspot_contact_abm_lead,str,"[nan, 'Yes']"
T/F,$hubspot_contact_hs_email_optout,str,"[nan, 'true']"
,$hubspot_company_g2crowd_visit,str,"[nan, 'Yes', 'compare', 'ad']"
,$hubspot_company_hs_analytics_first_touch_converting_campaign,str,"[nan, '3f0f8df9-96d4-4ab4-ad60-cbf97a13871c', 'adf029ba-ea76-49b4-8ae0-bdbeb243b600', 'b686172b-21c1-4a4c-ae46-351b482a4def', '3fd1a62d-5681-4c9c-9829-e9118f5685f9']"
,$hubspot_company_hs_analytics_last_touch_converting_campaign,str,"[nan, '3f0f8df9-96d4-4ab4-ad60-cbf97a13871c', '4d9f7b68-18ed-4776-b75d-b1c2256777e0', 'b686172b-21c1-4a4c-ae46-351b482a4def', '3fd1a62d-5681-4c9c-9829-e9118f5685f9']"
,$hubspot_contact_add_ons_added,str,"[nan, 'salesforce-integration-cad', 'account-hierarchy-add-on-eur---annual', 'copy_of_insights---standard-eur']"
,$hubspot_company_address2,str,"[nan, '1216SG', 'PIER HEAD', '61 TANNER STREET', '2ND FLOOR, OFFICE 22']"
T/F,$hubspot_company_hot_company,str,"[nan, 'true']"
,$hubspot_contact_qresult_og_,str,"[nan, 'B2B SaaS: Self Serve', 'B2B SaaS: Sales Driven', 'B2B SaaS: Hybrid', 'B2C Memberships']"
,$hubspot_contact_quiz_name_og_,str,"[nan, 'Workflow-Lookbook']"
,$hubspot_company_hs_avatar_filemanager_key,str,"[nan, 'hubfs/3732359/d3681f62-3c84-49b6-8bc6-ad2f18fd7208.jpeg', 'hubfs/3732359/c78a8364-d91b-48d0-a150-b72b788c520a.png']"
,$hubspot_contact_medium_fs_,str,"[nan, 'Webinar_get_started_with_chargebee_demo_users_20180720', 'CRC']"
Y/N,$hubspot_contact_pre_hubspot_lead,str,"[nan, 'Yes']"
,$hubspot_contact_source_fs_,str,"[nan, 'Webinar', 'Google Adwords', 'Support Chat', 'Web']"
,$hubspot_contact_nurturing_reason_fs_,str,"[nan, 'Contact not established', 'Testing API', 'CRC']"
Y/N,$hubspot_contact_mailchimp_subscription_status,str,"[nan, 'Yes']"
,$hubspot_company_allbound_status,str,"[nan, 'Active']"
,$hubspot_contact_engagements_last_meeting_booked_campaign,str,"[nan, 'FY20Q1 | Partnership | MQL Drip | Nurturing Cadence']"
,$hubspot_contact_engagements_last_meeting_booked_medium,str,"[nan, 'email']"
,$hubspot_contact_engagements_last_meeting_booked_source,str,"[nan, 'hs_automation']"
,$hubspot_contact_hs_legal_basis,str,"[nan, 'Freely given consent from contact', 'Legitimate interest  prospect/lead']"
,$hubspot_contact_nurturing_qualified_reason,str,"[nan, 'Partnership Request']"
,$hubspot_contact_what_does_your_company_do,str,"[nan, 'Technology Implementation Partner']"
,$hubspot_contact_what_geographies_do_you_work_with_,str,"[nan, 'South America']"
,$hubspot_contact_why_do_you_want_to_partner_with_chargebee_,str,"[nan, ""Hi there!\r\nEqualdata Corp is part of a company holding with more than 25 years in the IT and Systems Integrations business, it is based in the USA with focus on customers in Latin America. \r\nWe are interested in partnering with Chargebee because we are working two opportunities with Internet Service Providers (ISPs) and Chargebee is a good fit for their billing and online payment system.\r\nWe would like to be enabled for selling, implementing and also training.\r\nPlease let me know what are the requirements and benefits of your partner's program at your earliest convenience. Thanks!""]"
,$hubspot_deal_dealname,str,"[nan, 'equaldata.com - New Deal']"
,$hubspot_deal_hs_analytics_source,str,"[nan, 'ORGANIC_SEARCH']"
,$hubspot_deal_hs_analytics_source_data_1,str,"[nan, 'Unknown keywords (SSL)']"
,$hubspot_deal_hs_analytics_source_data_2,str,"[nan, 'GOOGLE']"
T/F,$hubspot_deal_hs_is_closed,str,"[nan, 'false']"
,$hubspot_deal_hs_manual_forecast_category,str,"[nan, 'BEST_CASE']"
T/F,$hubspot_contact_hs_email_bad_address,str,"[nan, 'true']"
,$hubspot_contact_utm_term,str,"[nan, 'SaaSLookalike-Banner4', 'AllPersonaLookalike-Carousel', 'AllPersonaLookalike-Banner4']"
,$hubspot_contact_high_growth_cbm_,str,"[nan, 'USD 20, 10 Percent']"
,$hubspot_contact_numemployees,str,"[nan, '25-50']"
,$hubspot_contact_customer_bucket_cbm_,str,"[nan, 'C3', 'C2']"
,$hubspot_contact_mk_customer_fit_segment,str,"[nan, 'medium', 'very good', 'low']"
Y/N,$hubspot_company_abm_target,str,"[nan, 'Yes']"
,$hubspot_contact_demo_booked_segment,str,"[nan, 'Startup']"
,$hubspot_contact_demo_booked_territory,str,"[nan, 'US']"
,$hubspot_contact_revops_cart_items,str,"[nan, 'Support for Multiple Taxes,Prorate for Plan Changes,', 'Support for Multiple Taxes,Offer Advance Invoice,Generate Recurring Invoices,Prorate for Plan Changes,']"
,$hubspot_contact_onboarding_type,str,"[nan, 'https://d1ts43dypk8bqh.cloudfront.net/v1/avatars/ef55e5c0-91e1-43e7-9ce2-d044a4c4b77c']"
,$hubspot_contact_revenue_per_annum,str,"[nan, 'over_50k']"
T/F,$hubspot_contact_hs_email_quarantined,str,"[nan, 'true']"
,$hubspot_contact_hs_email_quarantined_reason,str,"[nan, 'FORM_ABUSE']"
,$hubspot_contact_hs_linkedinid,str,"[nan, 'linkedin.com/in/simonlidzen']"
,$hubspot_contact_hs_twitterid,str,"[nan, 'twitter.com/']"
,$hubspot_contact_what_do_you_seek_by_partnering_with_chargebee_,str,"[nan, 'Dear sir or madam\r\n\r\nGood Afternoon, nice to meet you. I`m Sakura Usuki , working as executive director of assistant.\r\n\r\nWe`re payment service provider and we have offered payment service to our sub merchants which is the oldest payment company in Japan.\r\n\r\n\r\n1.Low risk Merchant. We have over 2600 merchants.\r\nIn case\r\nLow risk Merchant owner is 100% Japanese.\r\n99% of Japanese card holders are Japanese.\r\nCharge back rate about 0.4%\r\nIndustry is e-commerce, beauty salon, boutique, clinic, restaurant, bar,\r\n\u3000massage, car parts store, detective industry, recycle shop, hairdresser,\r\n\u3000accessory shop,others\r\n\u3000\r\n\r\nFor example,\r\n\u3000the following URL is a typical example of our low risk merchants.\r\nhttps://www.yellowmobile.jp/shopbrand/smartphone/\r\nhttps://www.k-asunaro.com/\r\nhttps://c-3-esthe.com/shop_list/\r\nhttps://rmt.club/\r\nhttp://www.ops.dti.ne.jp/~mssi/\r\n\r\nWe`re looking for credit card settlement accounts which\r\n is able to issue MID.\r\n\r\nI have a few questions.\r\nWould you issue MID which is corresponded to cross border?\r\nIf you were to accept it, what would the currency be?\r\nHow much is the MDR?\r\n\r\nI`m looking for reaching out.\r\nBest regard.\r\n\r\n^Sakura Usuki\r\nhttps://prime-vantage.com/']"
,$hubspot_contact_linkedinbio,str,"[nan, 'linkedin.com/in/swetha-murali-260495108', 'likedin.com/in/pvaibhav1510']"
,$hubspot_contact_revops_cart_integrations,str,"[nan, 'Xero,Zendesk,ReferralCandy,']"
,$hubspot_contact_revops_cart_revenue_operations,str,"[nan, 'Enable Contract Flexibility,Recognize your Revenue,']"
,$hubspot_contact_revops_cart_subscription_analytics,str,"[nan, 'Segment Based Reports,Cohort Analysis,']"
,$hubspot_contact_revops_cart_subscription_management,str,"[nan, 'Customize Checkout Pages,Customize Billing Logic,']"
,$hubspot_company_hs_additional_domains,str,"[nan, 'hiddenfounders.recruitee.com;jobs.recruitee.com']"
,$screen_size,str,"['1440x900', '375x812', '1920x1080', '1280x800', '800x600']"